<?xml version="1.0" encoding="UTF-8"?>
<configuration>


    <appender name="dailyRollingFileAppender" class="ch.qos.logback.core.rolling.RollingFileAppender">
        <File>/root/RuleEngine/Logs/Rule-Engine.log</File>
        <rollingPolicy class="ch.qos.logback.core.rolling.TimeBasedRollingPolicy">
            <!-- daily rollover -->
            <FileNamePattern>Rule-Engine.%d{yyyy-MM-dd}.log</FileNamePattern>

            <!-- keep 15 days' worth of history -->
            <maxHistory>15</maxHistory>
        </rollingPolicy>

        <encoder>
            <Pattern>%d{HH:mm:ss.SSS} [%thread] %-5level %logger{35} - %msg %n</Pattern>
        </encoder>
    </appender>

    <logger name="org.codingpedia" additivity="false">
        <level value="DEBUG" />
        <appender-ref ref="dailyRollingFileAppender"/>
        <appender-ref ref="consoleAppender" />
    </logger>

    <root>
        <level value="INFO" />
        <appender-ref ref="consoleAppender" />
        <appender-ref ref="dailyRollingFileAppender"/>
    </root>
</configuration>