<?xml version="1.0"?>
<root>
    <package>vectoneorgunit.vectoneproject</package>
    <import> com.mundio.drools.model.Action</import>
    <import>com.mundio.drools.model.BundleCases</import>
    <import>com.mundio.drools.model.BundleEvent</import>
    <import>com.mundio.drools.model.BundleLog</import>
    <import>com.mundio.drools.model.MvNoBundlePlan</import>
    <import>com.mundio.drools.model.Package</import>
    <import>com.mundio.drools.model.TopupLog</import>
    <import>com.mundio.drools.customfunction.MAUtility</import>
    <rule name="MAgrUSSDWeb">
        <lhs>
            <pattern class='BundleCases'>
                <id>vbundleCase2</id>
                <constraint>event.actionType == 'subscribebundle'</constraint>
                <constraint>event.status == 1</constraint>
                <constraint>event.mvbpStatus == 1</constraint>
                <constraint>event.updateBy in ( "WEB", "VMCZ Website", "Web CRM3", "USSD" )</constraint>
                <bind>
                    <var>vbundleEvent</var>
                    <val>event != null</val>
                </bind>
            </pattern>
            <pattern class='ArrayList'>
                <constraint>size=2</constraint>
                <from>
                    <collect>
                        <pattern class='Bundlelog'>
                            <constraint>bundleID==0</constraint>
                        </pattern>
                    </collect>
                </from>
            </pattern>
            <pattern class='StockTick'>
                <from>
                    <accumulate>
                        <source>
                            <pattern class='StockTick'>
                                <constraint>company='RHT'</constraint>
                                <bind>
                                    <var>vPrice</var>
                                    <val>price</val>
                                </bind>
                            </pattern>
                        </source>

                    </accumulate>
                </from>

            </pattern>
        </lhs>
        <rhs>

            <mail>dmail@gmail.com</mail>
            <mobile>909764567</mobile>
            <sendSMS>Y</sendSMS>
            <sendSMSdetail>sms body content</sendSMSdetail>
            <sendMail>Y</sendMail>
            <sendMaildetail>mail body content</sendMaildetail>
            <actionwrapper>vbundleCase2</actionwrapper>
        </rhs>
    </rule>
</root>
