<?xml version="1.0"?>
<root>
    <package>com.mundio.drools</package>
    <import>com.mundio.Cheese</import>
    <import>com.mundio.Person</import>
    <rule name="Rule1">
    <lhs>
       <pattern class="class1">
           <id></id>
           <constraint></constraint>
           <constraint></constraint>
           <constraint></constraint>
           <bind>
               <var></var>
               <val></val>
           </bind>
           <from>
               <collect>
                   <pattern class="class2">
                       <id></id>
                       <bind></bind>
                       <constraint></constraint>
                   </pattern>
               </collect>
               <accumulate>
                   <source>
                       <pattern class="class3">
                           <id></id>
                           <constraint></constraint>
                           <constraint></constraint>
                           <bind></bind>
                       </pattern>
                   </source>
               </accumulate>
           </from>
       </pattern>
        <pattern class="class1">
            <id></id>
            <constraint></constraint>
            <constraint></constraint>
            <constraint></constraint>
            <bind>
                <var></var>
                <val></val>
            </bind>
            <from>
                <collect>
                    <pattern class="class2">
                        <id></id>
                        <bind></bind>
                        <constraint></constraint>
                    </pattern>
                </collect>
                <accumulate>
                    <source>
                        <pattern class="class3">
                            <id></id>
                            <constraint></constraint>
                            <constraint></constraint>
                            <bind></bind>
                        </pattern>
                    </source>
                </accumulate>

            </from>
        </pattern>
        <pattern class="class1">
            <id></id>
            <constraint></constraint>
            <constraint></constraint>
            <constraint></constraint>
            <bind>
                <var></var>
                <val></val>
            </bind>
            <from>
                <collect>
                    <pattern class="class2">
                        <id></id>
                        <bind></bind>
                        <constraint></constraint>
                    </pattern>
                </collect>
                <accumulate>
                    <source>
                        <pattern class="class3">
                            <id></id>
                            <constraint></constraint>
                            <constraint></constraint>
                            <bind></bind>
                        </pattern>
                    </source>
                </accumulate>


            </from>
        </pattern>
    </lhs>
    <rhs>
        <mail></mail>
        <mobile></mobile>
        <sendSMS></sendSMS>
        <sendSMSdetail></sendSMSdetail>
        <sendMail></sendMail>
        <sendMailDetail></sendMailDetail>
        <actionwrapper></actionwrapper>
    </rhs>
    </rule>
</root>
